{"breast_cancer": {"ES": 224.875, "PB": 156.25, "BA": 618.5, "MG": 1445.125, "MA": 229.95833333333334, "PA": 166.375, "DF": 112.875, "AM": 88.875, "MS": 138.5, "TO": 32.5, "PE": 394.5416666666667, "SC": 395.7916666666667, "RJ": 828.25, "SE": 108.04166666666667, "PR": 561.4583333333334, "PI": 97.20833333333333, "RN": 289.0, "AP": 21.458333333333332, "SP": 2400.7916666666665, "MT": 204.91666666666666, "AL": 141.20833333333334, "GO": 257.0416666666667, "RS": 750.6666666666666, "AC": 36.208333333333336, "CE": 253.20833333333334, "RO": 89.29166666666667, "RR": 15.083333333333334}, "lung_cancer": {"PA": 49.541666666666664, "BA": 75.79166666666667, "PB": 37.541666666666664, "ES": 44.25, "MG": 355.2916666666667, "MA": 35.958333333333336, "SC": 134.83333333333334, "RO": 25.166666666666668, "CE": 74.33333333333333, "RR": 2.4166666666666665, "RJ": 173.125, "PR": 147.125, "RN": 48.333333333333336, "SE": 16.083333333333332, "PI": 28.708333333333332, "AP": 9.0, "TO": 12.791666666666666, "DF": 32.833333333333336, "PE": 198.125, "MS": 35.166666666666664, "AM": 19.291666666666668, "GO": 92.70833333333333, "RS": 301.9166666666667, "AC": 5.041666666666667, "SP": 653.9166666666666, "AL": 19.541666666666668, "MT": 32.791666666666664}}