{"breast_cancer": {"PA": 166.375, "BA": 618.5, "ES": 224.875, "PB": 156.25, "MG": 1445.125, "MA": 229.95833333333334, "PE": 394.5416666666667, "SP": 2400.7916666666665, "AL": 141.20833333333334, "MT": 204.91666666666666, "AM": 88.875, "MS": 138.5, "GO": 257.0416666666667, "RS": 750.6666666666666, "AC": 36.208333333333336, "TO": 32.5, "RJ": 828.25, "RN": 289.0, "PR": 561.4583333333334, "PI": 97.20833333333333, "AP": 21.458333333333332, "SE": 108.04166666666667, "RO": 89.29166666666667, "CE": 253.20833333333334, "RR": 15.083333333333334, "DF": 112.875, "SC": 395.7916666666667}, "lung_cancer": {"MG": 355.2916666666667, "MA": 35.958333333333336, "CE": 74.33333333333333, "RO": 25.166666666666668, "RR": 2.4166666666666665, "SP": 653.9166666666666, "AL": 19.541666666666668, "MT": 32.791666666666664, "ES": 44.25, "BA": 75.79166666666667, "PB": 37.541666666666664, "SC": 134.83333333333334, "PA": 49.541666666666664, "TO": 12.791666666666666, "RJ": 173.125, "PR": 147.125, "PI": 28.708333333333332, "RN": 48.333333333333336, "SE": 16.083333333333332, "AP": 9.0, "PE": 198.125, "DF": 32.833333333333336, "MS": 35.166666666666664, "AM": 19.291666666666668, "RS": 301.9166666666667, "GO": 92.70833333333333, "AC": 5.041666666666667}, "idiopathic_pulmonary_fibrosis": {"PA": 6.625, "ES": 2.2083333333333335, "BA": 4.25, "PB": 0.875, "DF": 3.2083333333333335, "PE": 4.25, "RS": 9.333333333333334, "GO": 5.625, "AC": 0.5, "MG": 28.5, "MA": 1.3333333333333333, "CE": 3.3333333333333335, "RO": 1.5416666666666667, "TO": 0.5416666666666666, "SP": 55.5, "MT": 1.5416666666666667, "AL": 0.75, "MS": 1.625, "AM": 1.3333333333333333, "SC": 12.5, "RJ": 26.625, "PR": 10.208333333333334, "PI": 1.0416666666666667, "AP": 0.4583333333333333, "SE": 0.375, "RN": 0.4583333333333333}, "mature_b_cell_malignancy": {"DF": 23.708333333333332, "MA": 414.125, "MG": 185.45833333333334, "RS": 93.375, "GO": 31.75, "AC": 1.75, "PE": 51.083333333333336, "BA": 45.833333333333336, "ES": 26.125, "PB": 20.125, "TO": 4.583333333333333, "PA": 20.875, "SP": 340.5416666666667, "MT": 19.166666666666668, "AL": 10.25, "CE": 33.583333333333336, "RO": 10.875, "RR": 0.9583333333333334, "RJ": 89.04166666666667, "RN": 20.666666666666668, "PR": 67.75, "PI": 15.625, "AP": 5.791666666666667, "SE": 9.125, "SC": 65.0, "MS": 11.375, "AM": 13.291666666666666}}